state,district,risk_level,hotspot_probability
Nagaland,Zunheboto,CRITICAL,0.9962688024553371
West Bengal,Howrah,CRITICAL,0.9965745600997936
Himachal Pradesh,Sirmaur,CRITICAL,0.9965006587248849
Chhattisgarh,Narayanpur,CRITICAL,0.9963402029183278
Punjab,Hoshiarpur,CRITICAL,0.9969406910881379
Assam,Cachar,CRITICAL,0.9968490375926963
Madhya Pradesh,Singrauli,CRITICAL,0.9968161416577154
Gujarat,Narmada,CRITICAL,0.9961238513968708
Madhya Pradesh,Hoshangabad,CRITICAL,0.9967951615498124
Delhi,Central Delhi,CRITICAL,0.9965290020668972
Maharashtra,Sindhudurg,CRITICAL,0.996758225029638
West Bengal,Hooghly,CRITICAL,0.9967014516528057
Karnataka,Chamarajanagar,CRITICAL,0.9967123439565971
Andhra Pradesh,YSR,CRITICAL,0.9971761166407749
Madhya Pradesh,Narsinghpur,CRITICAL,0.9969944022823852
Assam,Hojai,CRITICAL,0.9965196468303489
Jharkhand,Simdega,CRITICAL,0.9969819679987738
Himachal Pradesh,Chamba,CRITICAL,0.9967337990480796
Maharashtra,Nashik,CRITICAL,0.9970425541339063
Haryana,Hisar,CRITICAL,0.9968851644114894
Rajasthan,Sikar,CRITICAL,0.9969739644471383
Uttarakhand,Chamoli,CRITICAL,0.9964149115148236
Gujarat,Navsari,CRITICAL,0.9969064165270014
Maharashtra,Hingoli,CRITICAL,0.9970981642211569
Madhya Pradesh,Sidhi,CRITICAL,0.9968367450398552
Uttarakhand,Champawat,CRITICAL,0.9967395617594356
Bihar,Buxar,CRITICAL,0.9967601246877434
Telangana,Narayanpet,CRITICAL,0.9960466219889273
Odisha,Jharsuguda,CRITICAL,0.9966050996878196
Rajasthan,Sirohi,CRITICAL,0.9970368156368162
Telangana,Nalgonda,CRITICAL,0.9964227003536578
Madhya Pradesh,Indore,CRITICAL,0.9970363710120828
Uttar Pradesh,Budaun,CRITICAL,0.9969308884152545
Bihar,Siwan,CRITICAL,0.9970027117377779
Tamil Nadu,Namakkal,CRITICAL,0.996893778470333
Jammu And Kashmir,Budgam,CRITICAL,0.9966330534308288
Sikkim,Namchi,CRITICAL,0.7776252994541202
Manipur,Imphal West,CRITICAL,0.9968061003611547
Assam,Sivasagar,CRITICAL,0.9963469223836476
Uttar Pradesh,Bulandshahr,CRITICAL,0.996790602136676
Arunachal Pradesh,Namsai,CRITICAL,0.9876514558523081
Manipur,Imphal East,CRITICAL,0.9969509760730381
Tamil Nadu,Sivaganga,CRITICAL,0.9968264228424403
Uttar Pradesh,Sitapur,CRITICAL,0.9969243098365294
Maharashtra,Nanded,CRITICAL,0.9969910878448441
Kerala,Idukki,CRITICAL,0.9969295375437398
Maharashtra,Buldhana,CRITICAL,0.9971698072899837
Bihar,Sitamarhi,CRITICAL,0.9970274819312621
Maharashtra,Nandurbar,CRITICAL,0.9970310379507707
Telangana,Hyderabad,CRITICAL,0.9964835554972833
Rajasthan,Bundi,CRITICAL,0.9959596719457914
Haryana,Sirsa,CRITICAL,0.9968093341993257
Andhra Pradesh,Nandyal,CRITICAL,0.9966957142847055
Madhya Pradesh,Burhanpur,CRITICAL,0.9970044254191714
Haryana,Yamunanagar,CRITICAL,0.9969406911068212
Telangana,Siddipet,CRITICAL,0.9966497508222808
Bihar,Nawada,CRITICAL,0.9965293750936621
Jharkhand,Hazaribagh,CRITICAL,0.9970688887854449
Maharashtra,Ahilyanagar,CRITICAL,0.9970403457968543
Madhya Pradesh,Niwari,CRITICAL,0.9195925564248798
Rajasthan,Hanumangarh,CRITICAL,0.9967422150936884
Jharkhand,Chatra,CRITICAL,0.9968672930655874
Bihar,Sheohar,CRITICAL,0.995993028101196
Andhra Pradesh,Nizamabad,CRITICAL,0.9967616444097877
Uttar Pradesh,Hamirpur,CRITICAL,0.9962610603443974
Tamil Nadu,Chengalpattu,CRITICAL,0.9945885527102262
Bihar,Sheikhpura,CRITICAL,0.9966099996892104
Tamil Nadu,Chennai,CRITICAL,0.9969880565213428
Uttar Pradesh,Shamli,CRITICAL,0.9968770140725344
Assam,Hailakandi,CRITICAL,0.9965615829732641
Madhya Pradesh,Chhatarpur,CRITICAL,0.9970802238751905
West Bengal,North 24 Parganas,CRITICAL,0.9965459617869907
Sikkim,Gyalshing,CRITICAL,0.9427982677840435
Maharashtra,Chhatrapati Sambhajinagar,CRITICAL,0.9963772658297213
Madhya Pradesh,Shajapur,CRITICAL,0.9968982337975266
Andaman And Nicobar Islands,North And Middle Andaman,CRITICAL,0.9906490055462848
Madhya Pradesh,Gwalior,CRITICAL,0.9969754322598855
Madhya Pradesh,Chhindwara,CRITICAL,0.9970024282685793
Uttar Pradesh,Shahjahanpur,CRITICAL,0.996981109122805
Madhya Pradesh,Sheopur,CRITICAL,0.9969177978050725
Haryana,Charkhi Dadri,CRITICAL,0.9962463101685097
Uttar Pradesh,Hapur,CRITICAL,0.9968537341050179
Jammu And Kashmir,Shopian,CRITICAL,0.9960570993294899
Mizoram,Champhai,CRITICAL,0.996361053227198
Uttar Pradesh,Siddharthnagar,CRITICAL,0.9965161850934999
Odisha,Nayagarh,CRITICAL,0.9967972260640391
Madhya Pradesh,Neemuch,CRITICAL,0.9969564854916811
Karnataka,Haveri,CRITICAL,0.9967199761185263
Uttar Pradesh,Chandauli,CRITICAL,0.9969410188769509
Manipur,Chandel,CRITICAL,0.9965929795399688
Uttar Pradesh,Shravasti,CRITICAL,0.996876177964466
Andhra Pradesh,Nellore,CRITICAL,0.996721107051178
Uttar Pradesh,Hathras,CRITICAL,0.9969403388890692
Chandigarh,Chandigarh,CRITICAL,0.9963579930680964
Delhi,New Delhi,CRITICAL,0.9825703699648803
Assam,Charaideo,CRITICAL,0.996048324180899
Karnataka,Hassan,CRITICAL,0.9969172841190389
Madhya Pradesh,Shivpuri,CRITICAL,0.9970175230066044
Uttarakhand,Haridwar,CRITICAL,0.996940731005841
Maharashtra,Chandrapur,CRITICAL,0.9971549949803796
Karnataka,Shivamogga,CRITICAL,0.996842066806111
Tamil Nadu,Nilgiris,CRITICAL,0.9966503447606258
Uttar Pradesh,Hardoi,CRITICAL,0.9965265434077324
Arunachal Pradesh,Changlang,CRITICAL,0.9962444623892271
Himachal Pradesh,Shimla,CRITICAL,0.996676101410985
Telangana,Nirmal,CRITICAL,0.9966955592990523
Madhya Pradesh,Harda,CRITICAL,0.9966727320713726
Himachal Pradesh,Solan,CRITICAL,0.9965075129887419
Odisha,Boudh,CRITICAL,0.996354561661538
Madhya Pradesh,Jabalpur,CRITICAL,0.997080063036016
Uttar Pradesh,Muzaffarnagar,CRITICAL,0.9970011422719846
Gujarat,Bharuch,CRITICAL,0.9971090313519245
Andhra Pradesh,Srikakulam,CRITICAL,0.9971196139678193
Telangana,Mulugu,CRITICAL,0.9959920390208539
Uttar Pradesh,Jaunpur,CRITICAL,0.997021302641168
Gujarat,Bhavnagar,CRITICAL,0.9970001277033465
Andhra Pradesh,Sri Sathya Sai,CRITICAL,0.9968395175534658
Maharashtra,Mumbai City,CRITICAL,0.9969898017442814
Chhattisgarh,Jashpur,CRITICAL,0.9971345374544812
Rajasthan,Bhilwara,CRITICAL,0.9970026140757732
Punjab,Sri Muktsar Sahib,CRITICAL,0.9968684670940101
Maharashtra,Mumbai Suburban,CRITICAL,0.9968896180144653
Chhattisgarh,Janjgir-Champa,CRITICAL,0.9970038397072667
Madhya Pradesh,Bhind,CRITICAL,0.9968404161841846
Rajasthan,Sri Ganganagar,CRITICAL,0.9968592186019626
Chhattisgarh,Mungeli,CRITICAL,0.9969927452156857
Telangana,Jangaon,CRITICAL,0.9961028932504291
Haryana,Bhiwani,CRITICAL,0.9967739158669385
Andhra Pradesh,Spsr Nellore,CRITICAL,0.9971366968350374
Bihar,Munger,CRITICAL,0.9966996509643208
Bihar,Jamui,CRITICAL,0.9968321463491621
Bihar,Bhojpur,CRITICAL,0.9964901587090865
Meghalaya,South West Khasi Hills,CRITICAL,0.9541015327280761
West Bengal,Murshidabad,CRITICAL,0.9964750408922356
Jharkhand,Jamtara,CRITICAL,0.9965416982318359
Madhya Pradesh,Bhopal,CRITICAL,0.9969320741248285
Telangana,Jayashankar Bhupalpally,CRITICAL,0.9954742291557065
Jammu And Kashmir,Srinagar,CRITICAL,0.997153320229312
Rajasthan,Bharatpur,CRITICAL,0.9969700349644534
Uttar Pradesh,Moradabad,CRITICAL,0.9965435927293536
Gujarat,Surat,CRITICAL,0.996807255394858
Chhattisgarh,Mohla-Manpur-Ambagarh Chowki,CRITICAL,0.9937991540725059
West Bengal,Jhargram,CRITICAL,0.9931945475296126
Uttar Pradesh,Bhadohi,CRITICAL,0.9969002305856304
Chhattisgarh,Surajpur,CRITICAL,0.9968788759454674
Nagaland,Mokokchung,CRITICAL,0.9964069325323056
Telangana,Bhadradri Kothagudem,CRITICAL,0.996759187226416
Nagaland,Mon,CRITICAL,0.9963497611229882
Uttar Pradesh,Jhansi,CRITICAL,0.9970566617869382
Bihar,Supaul,CRITICAL,0.9968789928004913
Odisha,Bhadrak,CRITICAL,0.9969010044022397
Rajasthan,Jhalawar,CRITICAL,0.9966901709664496
Bihar,Jehanabad,CRITICAL,0.9963032466496138
Odisha,Sundargarh,CRITICAL,0.9969180327112266
Uttar Pradesh,Sultanpur,CRITICAL,0.9969806734813983
Gujarat,Morbi,CRITICAL,0.9966556553921976
Haryana,Jhajjar,CRITICAL,0.996645030388123
Bihar,Bhagalpur,CRITICAL,0.9965420524547904
Chhattisgarh,Sukma,CRITICAL,0.9966263132300154
Madhya Pradesh,Morena,CRITICAL,0.9969191474312545
Madhya Pradesh,Jhabua,CRITICAL,0.9969490505142727
Maharashtra,Bhandara,CRITICAL,0.9970637678984221
Odisha,Subarnapur,CRITICAL,0.9961025843117937
Assam,Morigaon,CRITICAL,0.9966208095389941
Meghalaya,South West Garo Hills,CRITICAL,0.9959125958790372
Gujarat,Jamnagar,CRITICAL,0.9969039271143121
Karnataka,Bidar,CRITICAL,0.9969790067583308
Telangana,Nagarkurnool,CRITICAL,0.9965442396918903
Punjab,Jalandhar,CRITICAL,0.996938890317702
West Bengal,Birbhum,CRITICAL,0.9966854077541517
Andaman And Nicobar Islands,South Andaman,CRITICAL,0.9967345746827982
Rajasthan,Nagaur,CRITICAL,0.9968889297293507
Odisha,Jajpur,CRITICAL,0.9968491234487543
Manipur,Bishnupur,CRITICAL,0.996581748519758
West Bengal,South 24 Parganas,CRITICAL,0.9966827936332491
Maharashtra,Nagpur,CRITICAL,0.9970688749400617
Rajasthan,Jaisalmer,CRITICAL,0.9965854230002122
Assam,Biswanath,CRITICAL,0.9956411979176328
Assam,Sonitpur,CRITICAL,0.9963808761768146
Uttarakhand,Nainital,CRITICAL,0.9969891181582278
Rajasthan,Jaipur,CRITICAL,0.9968117146389474
Jharkhand,Bokaro,CRITICAL,0.9970492051820022
Haryana,Sonipat,CRITICAL,0.9968123737373448
Telangana,Adilabad,CRITICAL,0.99594199875793
Bihar,Nalanda,CRITICAL,0.9965639710109518
Telangana,Jagtial,CRITICAL,0.996287167995184
Assam,Bongaigaon,CRITICAL,0.9966054829397438
Uttar Pradesh,Sonbhadra,CRITICAL,0.9965924836161023
Assam,Nalbari,CRITICAL,0.9964474047601416
Odisha,Jagatsinghpur,CRITICAL,0.9968707122800323
Gujarat,Botad,CRITICAL,0.9965149549021768
Maharashtra,Solapur,CRITICAL,0.9970323438702611
Delhi,South Delhi,CRITICAL,0.991194173678371
Himachal Pradesh,Bilaspur,CRITICAL,0.995620994912954
Uttar Pradesh,Jalaun,CRITICAL,0.9970052464275029
Rajasthan,Jalore,CRITICAL,0.9967719105445377
Delhi,South West Delhi,CRITICAL,0.996581628319456
Bihar,Muzaffarpur,CRITICAL,0.9964875826455054
Karnataka,Mysuru,CRITICAL,0.9967420313817917
Jammu And Kashmir,Jammu,CRITICAL,0.9969653160150328
Chhattisgarh,Bijapur,CRITICAL,0.9965694400911822
Tripura,South Tripura,CRITICAL,0.9969714597981514
Andhra Pradesh,NTR,CRITICAL,0.9967739165547608
West Bengal,Jalpaiguri,CRITICAL,0.9969630201759964
Assam,South Salmara-Mankachar,CRITICAL,0.9958157424301309
Odisha,Nabarangpur,CRITICAL,0.9967762842372098
Uttar Pradesh,Bijnor,CRITICAL,0.9967365830934143
Tamil Nadu,Nagapattinam,CRITICAL,0.9969235572399394
Goa,South Goa,CRITICAL,0.9967388271049752
Meghalaya,South Garo Hills,CRITICAL,0.8595036060066241
West Bengal,Nadia,CRITICAL,0.9964452098062453
Maharashtra,Jalna,CRITICAL,0.9971733862818755
Chhattisgarh,Raipur,CRITICAL,0.9969243774563238
Rajasthan,Bikaner,CRITICAL,0.9969643637441501
Assam,Nagaon,CRITICAL,0.9969134380883024
Maharashtra,Jalgaon,CRITICAL,0.9970596237938261
Delhi,North Delhi,HIGH,0.6900365603962305
Haryana,Gurugram,CRITICAL,0.9965410176744859
Odisha,Dhenkanal,CRITICAL,0.9967586359279291
Uttar Pradesh,Farrukhabad,CRITICAL,0.9968830452685099
Chhattisgarh,Dhamtari,CRITICAL,0.9969513126349937
Madhya Pradesh,Rewa,CRITICAL,0.9969075519499695
Uttar Pradesh,Pilibhit,CRITICAL,0.9968970727137773
Punjab,Faridkot,CRITICAL,0.9968176491814456
Jharkhand,Dhanbad,CRITICAL,0.99656689761205
Jammu And Kashmir,Reasi,CRITICAL,0.9964823699916563
Uttarakhand,Pithoragarh,CRITICAL,0.9968672200092303
Haryana,Faridabad,CRITICAL,0.9969462174745317
Madhya Pradesh,Dhar,CRITICAL,0.9970045730765319
Odisha,Rayagada,CRITICAL,0.9968462085308257
Jammu And Kashmir,Poonch,CRITICAL,0.9963342857741547
Uttar Pradesh,Faizabad (Ayodhya),CRITICAL,0.9965925375072775
Tamil Nadu,Dharmapuri,CRITICAL,0.9969898343075762
Maharashtra,Ratnagiri,CRITICAL,0.9970385188723331
Gujarat,Porbandar,CRITICAL,0.9967663441954638
Uttar Pradesh,Etawah,CRITICAL,0.9968447437321437
Karnataka,Dharwad,CRITICAL,0.9968454368564711
Madhya Pradesh,Ratlam,CRITICAL,0.9970651374939806
Andhra Pradesh,Prakasam,CRITICAL,0.9971412759876842
Rajasthan,Pratapgarh,CRITICAL,0.9968308032330097
Uttar Pradesh,Etah,CRITICAL,0.996859633130799
Assam,Dhemaji,CRITICAL,0.9966434631234157
Tamil Nadu,Ranipet,CRITICAL,0.7685575925421185
Haryana,Rewari,CRITICAL,0.996671842753121
Tripura,Dhalai,CRITICAL,0.996902002137242
Haryana,Fatehabad,CRITICAL,0.9967632129065965
Punjab,Fazilka,CRITICAL,0.9968041472625776
Uttarakhand,Dehradun,CRITICAL,0.9966872462628449
Gujarat,Sabarkantha,CRITICAL,0.9969964346561682
Bihar,Patna,CRITICAL,0.9964546738709995
Uttar Pradesh,Firozabad,CRITICAL,0.9966290199724351
Odisha,Deogarh,CRITICAL,0.9961778692698591
Punjab,Rupnagar,CRITICAL,0.9923617564059826
Uttarakhand,Pauri Garhwal,CRITICAL,0.9969738594423014
Punjab,Ferozepur,CRITICAL,0.9969640335564737
Telangana,Yadadri Bhuvanagiri,CRITICAL,0.9963969696575984
Jharkhand,Deoghar,CRITICAL,0.9967819225886174
Telangana,Peddapalli,CRITICAL,0.9960802212015817
Uttarakhand,Rudraprayag,CRITICAL,0.996301782885168
Nagaland,Phek,CRITICAL,0.9962341935857927
Uttar Pradesh,Deoria,CRITICAL,0.9965448825735012
Tamil Nadu,Perambalur,CRITICAL,0.9966299721521988
Uttar Pradesh,Fatehpur,CRITICAL,0.9970474114767591
Bihar,Rohtas,CRITICAL,0.9969002597428532
Gujarat,Devbhumi Dwarka,CRITICAL,0.9966019493132707
Nagaland,Peren,CRITICAL,0.9830792154938445
Haryana,Rohtak,CRITICAL,0.9967374380733132
Punjab,Fatehgarh Sahib,CRITICAL,0.9967525089917876
Karnataka,Yadgir,CRITICAL,0.9969268326437467
Madhya Pradesh,Dewas,CRITICAL,0.9970040825180598
Meghalaya,Ri Bhoi,CRITICAL,0.9857639834580065
Tamil Nadu,Erode,CRITICAL,0.9969060316003714
Telangana,Ranga Reddy,CRITICAL,0.9968942979812043
Punjab,Patiala,CRITICAL,0.9970021694179533
Puducherry,Puducherry,CRITICAL,0.9968215141724741
Rajasthan,Rajsamand,CRITICAL,0.9967669505026205
Bihar,Purnia,CRITICAL,0.9969537943621218
Andhra Pradesh,East Godavari,CRITICAL,0.9970737222163785
Tamil Nadu,Dindigul,CRITICAL,0.9970588169977094
Jammu And Kashmir,Rajouri,CRITICAL,0.9969397380178967
West Bengal,Purulia,CRITICAL,0.9969435616753652
Meghalaya,East Garo Hills,CRITICAL,0.9810114844776292
Madhya Pradesh,Dindori,CRITICAL,0.9969801710405933
Chhattisgarh,Rajnandgaon,CRITICAL,0.9970489755548005
Uttar Pradesh,Rae Bareli,CRITICAL,0.9969405335872931
Dadra And Nagar Haveli And Daman And Diu,Diu,CRITICAL,0.9500554201393837
Gujarat,Rajkot,CRITICAL,0.9970928906365621
Karnataka,Raichur,CRITICAL,0.997005559045304
Delhi,East Delhi,CRITICAL,0.9930098618579754
Jammu And Kashmir,Doda,CRITICAL,0.9965659295966819
Madhya Pradesh,Rajgarh,CRITICAL,0.9968468263525739
Maharashtra,Raigad,CRITICAL,0.9967608256424624
Chhattisgarh,Raigarh,CRITICAL,0.9966286274319578
Bihar,East Champaran,CRITICAL,0.9965967394498908
Andhra Pradesh,Dr. B. R. Ambedkar Konaseema,CRITICAL,0.9961937923437074
Telangana,Rajanna Sircilla,CRITICAL,0.9963672858325759
Chhattisgarh,Durg,CRITICAL,0.9970915980136382
Jharkhand,Dumka,CRITICAL,0.9965285831026774
Madhya Pradesh,Raisen,CRITICAL,0.996898773178868
Nagaland,Dimapur,CRITICAL,0.9967845970309628
Meghalaya,East Jaintia Hills,CRITICAL,0.9325773689489004
Odisha,Puri,CRITICAL,0.9969629702175048
Jharkhand,East Singhbhum,CRITICAL,0.9968062031830018
Kerala,Ernakulam,CRITICAL,0.9971144895352375
Rajasthan,Dholpur,CRITICAL,0.9968265672451307
Uttar Pradesh,Agra,CRITICAL,0.9965566796827149
Tamil Nadu,Pudukkottai,CRITICAL,0.996902802825648
Andhra Pradesh,Eluru,CRITICAL,0.996111759540098
Assam,Dhubri,CRITICAL,0.9968533689978969
Jharkhand,Ranchi,CRITICAL,0.9969874415937423
Jammu And Kashmir,Pulwama,CRITICAL,0.9967994746657621
Uttar Pradesh,Rampur,CRITICAL,0.9966097848909721
Maharashtra,Dhule,CRITICAL,0.9970219032693258
Karnataka,Ramanagara,CRITICAL,0.9262996662371075
Jharkhand,Ramgarh,CRITICAL,0.9968839979764642
Maharashtra,Pune,CRITICAL,0.99704920001744
Arunachal Pradesh,East Siang,CRITICAL,0.9128466066565787
Jammu And Kashmir,Ramban,CRITICAL,0.9968410655315653
West Bengal,Purba Bardhaman,CRITICAL,0.9969569988376717
Meghalaya,East Khasi Hills,CRITICAL,0.9967344222563274
Assam,Dibrugarh,CRITICAL,0.9965291395805075
Tamil Nadu,Ramanathapuram,CRITICAL,0.9969329403620965
West Bengal,Purba Medinipur,CRITICAL,0.9966004533088145
Arunachal Pradesh,East Kameng,CRITICAL,0.9801974659011367
Assam,Dima Hasao,CRITICAL,0.9812522495081026
Karnataka,Gadag,CRITICAL,0.9967735156924736
Madhya Pradesh,Sagar,CRITICAL,0.9970231668609908
Gujarat,Chhota Udepur,CRITICAL,0.9964963545350334
Andhra Pradesh,Palnadu,CRITICAL,0.9966957142847055
Rajasthan,Chittorgarh,CRITICAL,0.9968787973283278
Madhya Pradesh,Sehore,CRITICAL,0.9970448218685556
Maharashtra,Osmanabad (Dharashiv),CRITICAL,0.9970388427047446
Uttar Pradesh,Gonda,CRITICAL,0.9966685784453047
Manipur,Churachandpur,CRITICAL,0.9967782774131894
Tripura,Gomati,CRITICAL,0.996618240541765
Rajasthan,Sawai Madhopur,CRITICAL,0.9964318777692031
Rajasthan,Churu,CRITICAL,0.9966816451804948
Jharkhand,Pakur,CRITICAL,0.9965611486099961
Assam,Golaghat,CRITICAL,0.9967716052683429
Madhya Pradesh,Satna,CRITICAL,0.9970948409741135
Tamil Nadu,Coimbatore,CRITICAL,0.9969967715572174
Kerala,Palakkad,CRITICAL,0.9970030584879979
Jharkhand,Godda,CRITICAL,0.9968942311215357
Maharashtra,Satara,CRITICAL,0.9971501742988124
West Bengal,Cooch Behar,CRITICAL,0.99683158571826
Jharkhand,Palamu,CRITICAL,0.9969544127214779
Assam,Goalpara,CRITICAL,0.9966582793328804
Chhattisgarh,Sarangarh-Bilaigarh,CRITICAL,0.9711902955694515
Tamil Nadu,Cuddalore,CRITICAL,0.9970750104521269
Maharashtra,Palghar,CRITICAL,0.9971766410285169
Jharkhand,Giridih,CRITICAL,0.9969297456099464
Bihar,Saran,CRITICAL,0.9965732337310055
Odisha,Cuttack,CRITICAL,0.9970039362277823
Rajasthan,Pali,CRITICAL,0.9970653791460182
Maharashtra,Gondia,CRITICAL,0.9971178482212086
Haryana,Nuh,CRITICAL,0.9967189378736298
Manipur,Senapati,CRITICAL,0.9966747099473823
Madhya Pradesh,Guna,CRITICAL,0.9969980677215613
Punjab,Shahid Bhagat Singh Nagar,CRITICAL,0.9967871877721678
Delhi,North East Delhi,CRITICAL,0.996567341025752
Punjab,Gurdaspur,CRITICAL,0.9970441342483637
Karnataka,Chikballapur,CRITICAL,0.9968051850228128
Madhya Pradesh,Shahdol,CRITICAL,0.9970222028773529
Meghalaya,North Garo Hills,CRITICAL,0.9116822892207407
Andhra Pradesh,Guntur,CRITICAL,0.9971200896915086
Karnataka,Chikkamagaluru,CRITICAL,0.9967056926368887
Delhi,Shahdara,CRITICAL,0.9955314374007549
Mizoram,Serchhip,CRITICAL,0.9643175125287128
Goa,North Goa,CRITICAL,0.9968125481598786
Assam,Chirang,CRITICAL,0.9967989331419282
Andhra Pradesh,Chittoor,CRITICAL,0.9971262674325377
Jharkhand,Seraikela Kharsawan,CRITICAL,0.9968043966804983
Tripura,North Tripura,CRITICAL,0.9968799979644033
Jharkhand,Gumla,CRITICAL,0.9970904997596506
Karnataka,Chitradurga,CRITICAL,0.99705914423566
Tripura,Sepahijala,CRITICAL,0.9966835758096075
Delhi,North West Delhi,CRITICAL,0.9966239744907561
Uttar Pradesh,Gorakhpur,CRITICAL,0.996709971141374
Uttar Pradesh,Chitrakoot,CRITICAL,0.9967499505253361
Madhya Pradesh,Seoni,CRITICAL,0.9969888162149344
Odisha,Nuapada,CRITICAL,0.9966790441168123
Bihar,Gopalganj,CRITICAL,0.9968974657495341
Uttar Pradesh,Sant Kabir Nagar,CRITICAL,0.9967465064828134
Gujarat,Gir Somnath,CRITICAL,0.9966103191110945
Rajasthan,Deeg,HIGH,0.7386943153487028
Punjab,Sangrur,CRITICAL,0.9970606060864043
Chhattisgarh,Dantewada,CRITICAL,0.9958625051093731
Maharashtra,Parbhani,CRITICAL,0.9970946172175026
Odisha,Ganjam,CRITICAL,0.9969763712099939
Chhattisgarh,Sakti,CRITICAL,0.9960475555401809
Bihar,Darbhanga,CRITICAL,0.9967580746516562
Andhra Pradesh,Parvathipuram Manyam,CRITICAL,0.996624172151794
Sikkim,Gangtok,CRITICAL,0.9840851720144815
West Bengal,Darjeeling,CRITICAL,0.9968147069044947
Mizoram,Saiha,CRITICAL,0.902688139880523
West Bengal,Paschim Bardhaman,CRITICAL,0.9956906938465547
Assam,Darrang,CRITICAL,0.9964399546899831
West Bengal,Paschim Medinipur,CRITICAL,0.9966544327540651
Gujarat,Gandhinagar,CRITICAL,0.996978920229766
Jharkhand,Sahibganj,CRITICAL,0.9968806863493104
Madhya Pradesh,Datia,CRITICAL,0.996646552283122
Gujarat,Patan,CRITICAL,0.9969541997224477
Jammu And Kashmir,Ganderbal,CRITICAL,0.9964372196797234
Bihar,Saharsa,CRITICAL,0.9965328147865069
Rajasthan,Dausa,CRITICAL,0.996947713782804
Kerala,Pathanamthitta,CRITICAL,0.9967955958170625
Odisha,Gajapati,CRITICAL,0.9967031222686306
Uttar Pradesh,Saharanpur,CRITICAL,0.9965397521075183
Karnataka,Davanagere,CRITICAL,0.9968221833672671
Punjab,Pathankot,CRITICAL,0.9965658785103203
Maharashtra,Gadchiroli,CRITICAL,0.9970700107866888
Tamil Nadu,Salem,CRITICAL,0.9969447003496884
Jharkhand,Garhwa,CRITICAL,0.9969349661167684
Arunachal Pradesh,Papum Pare,CRITICAL,0.9959772135682409
Uttar Pradesh,Sambhal,CRITICAL,0.9969073228311478
Dadra And Nagar Haveli And Daman And Diu,Dadra and Nagar Haveli,CRITICAL,0.9963219115265621
Haryana,Palwal,CRITICAL,0.9965203751932674
Uttar Pradesh,Ghazipur,CRITICAL,0.9967997717089198
Maharashtra,Sangli,CRITICAL,0.9971372189252481
Gujarat,Dahod,CRITICAL,0.997021384009924
Haryana,Panchkula,CRITICAL,0.9969291374182802
Uttar Pradesh,Ghaziabad,CRITICAL,0.9965793342938477
Telangana,Sangareddy,CRITICAL,0.9966101473485794
West Bengal,Dakshin Dinajpur,CRITICAL,0.9958979688414008
Gujarat,Panchmahal,CRITICAL,0.9970862671746096
Bihar,Gaya,CRITICAL,0.9965742449907452
Karnataka,Dakshina Kannada,CRITICAL,0.9970168182294383
Gujarat,Dang,CRITICAL,0.9965365360327393
Uttar Pradesh,Gautam Buddha Nagar,CRITICAL,0.9963129089830526
Odisha,Sambalpur,CRITICAL,0.9967135105670956
Dadra And Nagar Haveli And Daman And Diu,Daman,CRITICAL,0.9942654411041055
Haryana,Panipat,CRITICAL,0.9968123762549239
Jammu And Kashmir,Samba,CRITICAL,0.9966585289336534
Madhya Pradesh,Agar Malwa,CRITICAL,0.996460901976782
Madhya Pradesh,Damoh,CRITICAL,0.9969714077767572
Madhya Pradesh,Panna,CRITICAL,0.9969666529530129
Chhattisgarh,Gariaband,CRITICAL,0.9969452561842619
Bihar,Samastipur,CRITICAL,0.9966693772101894
Madhya Pradesh,Betul,CRITICAL,0.9970042876289161
Rajasthan,Dungarpur,CRITICAL,0.996865848919163
Punjab,Mohali,CRITICAL,0.9962925405754758
Chhattisgarh,Khairagarh-Chhuikhadan-Gandai,CRITICAL,0.9765995946913385
West Bengal,Uttar Dinajpur,CRITICAL,0.9966134024254818
Kerala,Kasaragod,CRITICAL,0.9969618518138009
Maharashtra,Aurangabad,CRITICAL,0.9966576989251256
Uttar Pradesh,Azamgarh,CRITICAL,0.9970572839783974
Arunachal Pradesh,Upper Siang,CRITICAL,0.8481168330221577
Uttar Pradesh,Lucknow,CRITICAL,0.9970330125904615
Tamil Nadu,Karur,CRITICAL,0.9967984183985402
Karnataka,Bagalkote,CRITICAL,0.9968982109445604
Uttar Pradesh,Unnao,CRITICAL,0.9965827061117644
Punjab,Ludhiana,CRITICAL,0.9970868452006557
Haryana,Karnal,CRITICAL,0.9967668835465529
Uttarakhand,Bageshwar,CRITICAL,0.9966240309639156
Tripura,Unakoti,CRITICAL,0.9965903249235382
Mizoram,Lunglei,CRITICAL,0.9966014198751366
Bihar,Madhepura,CRITICAL,0.9969756067804173
Telangana,Karimnagar,CRITICAL,0.9967643305633677
Uttar Pradesh,Baghpat,CRITICAL,0.996962606726621
Himachal Pradesh,Una,CRITICAL,0.9964271109488426
Bihar,Madhubani,CRITICAL,0.9966296048237372
Uttar Pradesh,Bahraich,CRITICAL,0.9968642568480371
Madhya Pradesh,Umaria,CRITICAL,0.996699676191743
Tamil Nadu,Madurai,CRITICAL,0.9970680853404846
Assam,Karimganj,CRITICAL,0.9968603116653952
Uttar Pradesh,Kasganj,CRITICAL,0.9969406909733612
Jammu And Kashmir,Kathua,CRITICAL,0.9968776547272098
Bihar,Vaishali,CRITICAL,0.9966860412673265
Tamil Nadu,Vellore,CRITICAL,0.9970430918255793
Ladakh,Leh,CRITICAL,0.9450508733248228
Bihar,Khagaria,CRITICAL,0.9962612135145589
Gujarat,Aravalli,CRITICAL,0.9965970883979621
Odisha,Kendujhar,CRITICAL,0.9968698223999489
Uttar Pradesh,Varanasi,CRITICAL,0.996934569789843
Tamil Nadu,Ariyalur,CRITICAL,0.9966875250357915
Jharkhand,Lohardaga,CRITICAL,0.996787975699717
Odisha,Kendrapara,CRITICAL,0.9968467638165072
Gujarat,Valsad,CRITICAL,0.9970154741610594
Arunachal Pradesh,Lohit,CRITICAL,0.9586381739953866
Arunachal Pradesh,Lower Dibang Valley,CRITICAL,0.7815046419691384
Uttar Pradesh,Kaushambi,CRITICAL,0.9969778152694174
Bihar,Arwal,CRITICAL,0.9965706481313489
Gujarat,Vadodara,CRITICAL,0.9971034182524838
Madhya Pradesh,Katni,CRITICAL,0.9970353439661817
Madhya Pradesh,Ashoknagar,CRITICAL,0.9966459813788086
Uttarakhand,Uttarkashi,CRITICAL,0.9966011274453753
Nagaland,Longleng,CRITICAL,0.8529515591766094
Bihar,Katihar,CRITICAL,0.9967643417728889
Uttar Pradesh,Auraiya,CRITICAL,0.9965132388984178
Karnataka,Uttara Kannada,CRITICAL,0.9967066551603732
Assam,Baksa,CRITICAL,0.9967535391342622
Manipur,Ukhrul,CRITICAL,0.9965763362992949
Telangana,Mahabubabad,CRITICAL,0.9965853163318107
Gujarat,Banaskantha,CRITICAL,0.9970904901385008
Nagaland,Tuensang,CRITICAL,0.9965606640862275
Uttar Pradesh,Mahoba,CRITICAL,0.9966135270563781
Uttar Pradesh,Kanpur Nagar,CRITICAL,0.9966778004324831
Chhattisgarh,Balrampur,CRITICAL,0.9970458763642965
Madhya Pradesh,Maihar,CRITICAL,0.9497122708821433
Uttar Pradesh,Kanpur Dehat,CRITICAL,0.9966886419499956
Rajasthan,Tonk,CRITICAL,0.9964087117758883
Uttar Pradesh,Mainpuri,CRITICAL,0.9969852408549377
Kerala,Kannur,CRITICAL,0.9970146905142897
Tamil Nadu,Tiruvarur,CRITICAL,0.9969819953947927
Tamil Nadu,Kanyakumari,CRITICAL,0.996922782276347
Assam,Majuli,CRITICAL,0.9830093064805893
Uttar Pradesh,Banda,CRITICAL,0.9968252650098693
Tamil Nadu,Tiruvannamalai,CRITICAL,0.9969151340032973
Kerala,Malappuram,CRITICAL,0.9970621038972283
Uttar Pradesh,Kannauj,CRITICAL,0.9968342700526991
Jammu And Kashmir,Bandipora,CRITICAL,0.9965014999082809
Tamil Nadu,Tiruvallur,CRITICAL,0.9969240015811917
West Bengal,Malda,CRITICAL,0.9966083772088611
Chhattisgarh,Kanker,CRITICAL,0.9970710221294318
Chhattisgarh,Baloda Bazar,CRITICAL,0.9970718631304166
Gujarat,Mahisagar,CRITICAL,0.9965599731996829
Ladakh,Kargil,CRITICAL,0.9505054629958708
Uttarakhand,Udham Singh Nagar,CRITICAL,0.9970797900446192
Madhya Pradesh,Balaghat,CRITICAL,0.9969956204496458
Madhya Pradesh,Ujjain,CRITICAL,0.9970231668609908
Andhra Pradesh,Mahabubnagar,CRITICAL,0.9962515294733058
Odisha,Balangir,CRITICAL,0.996906689776019
Karnataka,Udupi,CRITICAL,0.9966781644437849
Jammu And Kashmir,Udhampur,CRITICAL,0.9967842999221416
Assam,Karbi Anglong,CRITICAL,0.9967823495644339
Odisha,Balasore,CRITICAL,0.9969383094002405
Uttar Pradesh,Maharajganj,CRITICAL,0.9967326777878278
Karnataka,Tumakuru,CRITICAL,0.9970623149429058
Rajasthan,Karauli,CRITICAL,0.9965376350923801
Karnataka,Ballari,CRITICAL,0.9970473357555182
Assam,Udalguri,CRITICAL,0.996835862374407
Chhattisgarh,Mahasamund,CRITICAL,0.9970420659073271
Puducherry,Karaikal,CRITICAL,0.9963981848095796
Uttar Pradesh,Ballia,CRITICAL,0.996865848919163
Rajasthan,Udaipur,CRITICAL,0.9971356173469985
Haryana,Mahendragarh,CRITICAL,0.9965841851393492
Punjab,Kapurthala,CRITICAL,0.996639310028287
Chhattisgarh,Balod,CRITICAL,0.9970324884336025
Bihar,Araria,CRITICAL,0.9967473513475421
Tamil Nadu,Tiruppur,CRITICAL,0.9969113308707979
Mizoram,Aizawl,CRITICAL,0.996716862702026
Uttar Pradesh,Allahabad (Prayagraj),CRITICAL,0.996620989827902
Meghalaya,West Garo Hills,CRITICAL,0.996534143386944
Andhra Pradesh,Krishna,CRITICAL,0.9971271631118301
Karnataka,Kolar,CRITICAL,0.9969852664330654
Andhra Pradesh,Alluri Sitharama Raju,CRITICAL,0.9965497513489994
Sikkim,West Delhi,CRITICAL,0.9844706215746467
Tamil Nadu,Krishnagiri,CRITICAL,0.9970478880999728
Assam,Kokrajhar,CRITICAL,0.9966028363401392
Uttarakhand,Almora,CRITICAL,0.9968454376713635
Jammu And Kashmir,Kulgam,CRITICAL,0.996662582603611
Nagaland,Kohima,CRITICAL,0.9962244344009745
Rajasthan,Alwar,CRITICAL,0.996993001455985
Bihar,West Champaran,CRITICAL,0.9968892727337026
Himachal Pradesh,Kullu,CRITICAL,0.9965759329791513
Jharkhand,Koderma,CRITICAL,0.9965306561433734
Haryana,Ambala,CRITICAL,0.9968438408300297
Kerala,Wayanad,CRITICAL,0.9967862176051723
Telangana,Kumuram Bheem,CRITICAL,0.9963208252896608
Karnataka,Kodagu,CRITICAL,0.9966671176744647
Uttar Pradesh,Ambedkar Nagar,CRITICAL,0.9970708110845816
Maharashtra,Washim,CRITICAL,0.9970087636221195
Jammu And Kashmir,Kupwara,CRITICAL,0.9967545653843192
Mizoram,Kolasib,CRITICAL,0.9883265318437887
Andhra Pradesh,West Godavari,CRITICAL,0.9971180336460105
Meghalaya,West Khasi Hills,CRITICAL,0.9966290696083951
Rajasthan,Ajmer,CRITICAL,0.9966388696661248
Odisha,Koraput,CRITICAL,0.9968344542555903
Jharkhand,West Singhbhum,CRITICAL,0.9969337533388943
Chhattisgarh,Korba,CRITICAL,0.9968224002230398
Karnataka,Koppal,CRITICAL,0.9969305009461733
Maharashtra,Akola,CRITICAL,0.9969417955378699
Arunachal Pradesh,West Siang,CRITICAL,0.9812097611299343
Chhattisgarh,Koriya,CRITICAL,0.997057966733281
Chhattisgarh,Kondagaon,CRITICAL,0.9971570132865243
Kerala,Alappuzha,CRITICAL,0.9969662566808807
Rajasthan,Kota,CRITICAL,0.9965236710932842
Madhya Pradesh,Alirajpur,CRITICAL,0.9967788299755411
Kerala,Kollam,CRITICAL,0.9969916103190393
Uttar Pradesh,Aligarh,CRITICAL,0.9966868362657343
Assam,West Karbi Anglong,CRITICAL,0.9051140626838304
West Bengal,Kolkata,CRITICAL,0.9968374536714268
Arunachal Pradesh,West Kameng,CRITICAL,0.9926186706509087
Kerala,Kottayam,CRITICAL,0.9969971869885809
West Bengal,Alipurduar,CRITICAL,0.9958466358761466
Meghalaya,West Jaintia Hills,CRITICAL,0.9962794872047173
Kerala,Kozhikode,CRITICAL,0.9971002841324363
Maharashtra,Kolhapur,CRITICAL,0.9971384471578891
Jammu And Kashmir,Kishtwar,CRITICAL,0.9963972867995005
Uttar Pradesh,Amethi,CRITICAL,0.9970736960348933
Maharashtra,Wardha,CRITICAL,0.9969971262694264
Madhya Pradesh,Khandwa,CRITICAL,0.9968369762290856
Tamil Nadu,Virudhunagar,CRITICAL,0.9969738390584131
Lakshadweep,Lakshadweep,CRITICAL,0.9844344970259681
Gujarat,Kheda,CRITICAL,0.9969432875565527
Andhra Pradesh,Anantapuramu,CRITICAL,0.997124962434147
Tamil Nadu,Viluppuram,CRITICAL,0.9919680375666857
Uttar Pradesh,Lalitpur,CRITICAL,0.9968667543350646
Madhya Pradesh,Khargone,CRITICAL,0.9968473570875571
Jammu And Kashmir,Anantnag,CRITICAL,0.995773314906665
Odisha,Angul,CRITICAL,0.9968507578806811
Jharkhand,Latehar,CRITICAL,0.9968249489616551
Telangana,Vikarabad,CRITICAL,0.9965496168531195
Uttar Pradesh,Kheri,CRITICAL,0.9969353022599244
Karnataka,Vijayapura,CRITICAL,0.9967839052979396
Maharashtra,Latur,CRITICAL,0.9970832559903808
Telangana,Khammam,CRITICAL,0.9961576921787264
Andhra Pradesh,Annamayya,CRITICAL,0.9965049958705047
Karnataka,Vijayanagara,CRITICAL,0.9963533896274752
Mizoram,Lawngtlai,CRITICAL,0.9956750718503433
Maharashtra,Yavatmal,CRITICAL,0.9969116754588517
Madhya Pradesh,Anuppur,CRITICAL,0.9968725981334421
Madhya Pradesh,Vidisha,CRITICAL,0.9970223381930486
Gujarat,Anand,CRITICAL,0.9970242730306516
Bihar,Lakhisarai,CRITICAL,0.996658332333992
Andhra Pradesh,Kurnool,CRITICAL,0.9971127191026979
Jharkhand,Khunti,CRITICAL,0.9966604932261273
Bihar,Kishanganj,CRITICAL,0.9964777423172789
Maharashtra,Amravati,CRITICAL,0.997103440003494
Telangana,Warangal Urban,CRITICAL,0.9964216841257466
Haryana,Kurukshetra,CRITICAL,0.9968106416592301
Nagaland,Kiphire,CRITICAL,0.9719124707368847
Gujarat,Amreli,CRITICAL,0.9968716179125247
Himachal Pradesh,Kinnaur,CRITICAL,0.9855110179520378
Punjab,Amritsar,CRITICAL,0.9970540596775533
Uttar Pradesh,Kushinagar,CRITICAL,0.9966795060790402
Telangana,Warangal Rural,CRITICAL,0.9964113365763443
Andhra Pradesh,Visakhapatnam,CRITICAL,0.9970735947675097
Uttar Pradesh,Amroha,CRITICAL,0.9967777766409666
Gujarat,Kutch,CRITICAL,0.9970691578189784
Tripura,Khowai,CRITICAL,0.9917169191873406
Telangana,Wanaparthy,CRITICAL,0.9961170337364371
Andhra Pradesh,Vizianagaram,CRITICAL,0.9971547601124643
Himachal Pradesh,Lahaul and Spiti,CRITICAL,0.8091924404902011
Tripura,West Tripura,CRITICAL,0.9970314946266535
Assam,Lakhimpur,CRITICAL,0.9966631279582029
Odisha,Khordha,CRITICAL,0.9969834886465628
Andhra Pradesh,Anakapalli,CRITICAL,0.9958949727020231
Bihar,Banka,CRITICAL,0.9968270416802315
Punjab,Bathinda,CRITICAL,0.9969977029000326
Uttar Pradesh,Mathura,CRITICAL,0.9966377180024595
Uttar Pradesh,Barabanki,CRITICAL,0.9970170006687603
Arunachal Pradesh,Tawang,CRITICAL,0.7955784862908994
Bihar,Kaimur,CRITICAL,0.9968186322666844
Gujarat,Tapi,CRITICAL,0.9968057395895445
Assam,Barpeta,CRITICAL,0.9969538924277855
Uttar Pradesh,Bareilly,CRITICAL,0.9969529752672264
Karnataka,Bengaluru Rural,CRITICAL,0.996857409076421
Tamil Nadu,Theni,CRITICAL,0.996927573022965
Odisha,Mayurbhanj,CRITICAL,0.9969770346703221
Telangana,Suryapet,CRITICAL,0.9965357269472322
Tamil Nadu,Tiruchirappalli,CRITICAL,0.9968829603770093
Tamil Nadu,Tirunelveli,CRITICAL,0.9970600882472859
Kerala,Thrissur,CRITICAL,0.997058963835269
Karnataka,Kalaburagi,CRITICAL,0.9970108720975027
Assam,Kamrup Metropolitan,CRITICAL,0.9968403681350603
Telangana,Mancherial,CRITICAL,0.9967319717919881
Andhra Pradesh,Bapatla,CRITICAL,0.9965226452741098
Uttar Pradesh,Mirzapur,CRITICAL,0.9968735681299906
Manipur,Jiribam,CRITICAL,0.7995120130438139
Rajasthan,Baran,CRITICAL,0.9966112138037494
Assam,Jorhat,CRITICAL,0.996795133854454
Tamil Nadu,Thoothukudi,CRITICAL,0.9970175600540302
Himachal Pradesh,Mandi,CRITICAL,0.9968433828518277
Rajasthan,Jodhpur,CRITICAL,0.9965678566049702
Madhya Pradesh,Mandsaur,CRITICAL,0.9968982337975266
Andhra Pradesh,Medak,CRITICAL,0.9959729933902989
Telangana,Jogulamba Gadwal,CRITICAL,0.9964858102076616
Madhya Pradesh,Tikamgarh,CRITICAL,0.9970490065914307
Karnataka,Belagavi,CRITICAL,0.9970037600395921
Uttarakhand,Tehri Garhwal,CRITICAL,0.9969134869008434
Assam,Kamrup,CRITICAL,0.9968399000206226
Punjab,Barnala,CRITICAL,0.9967356815565537
Madhya Pradesh,Mandla,CRITICAL,0.9969184077353196
Kerala,Thiruvananthapuram,CRITICAL,0.9969159810673872
Uttar Pradesh,Meerut,CRITICAL,0.9970611213331773
Chhattisgarh,Bemetara,CRITICAL,0.9970372765677169
Rajasthan,Beawar,CRITICAL,0.9739136484348828
Assam,Tinsukia,CRITICAL,0.9966179325911545
Chhattisgarh,Kabirdham,CRITICAL,0.9971777455503376
Manipur,Tamenglong,CRITICAL,0.9964018942717182
Jammu And Kashmir,Baramulla,CRITICAL,0.9968805982704677
Punjab,Mansa,CRITICAL,0.9969056912985392
Odisha,Kalahandi,CRITICAL,0.9968886584749352
Gujarat,Mehsana,CRITICAL,0.9969903124559251
Odisha,Kamrup Metro,CRITICAL,0.996446319249857
West Bengal,Kalimpong,CRITICAL,0.8659734525681122
Karnataka,Bengaluru South,CRITICAL,0.9964018549614385
Bihar,Begusarai,CRITICAL,0.996890988567435
Gujarat,Ahmedabad,CRITICAL,0.996966724612591
Rajasthan,Banswara,CRITICAL,0.9967074403878241
Manipur,Thoubal,CRITICAL,0.9969772013384602
Telangana,Medchal Malkajgiri,CRITICAL,0.9961820890648404
Odisha,Bargarh,CRITICAL,0.9968188729352803
Maharashtra,Beed,CRITICAL,0.9970255762116719
Tamil Nadu,Kallakurichi,CRITICAL,0.9924658073734406
Tamil Nadu,Mayiladuthurai,CRITICAL,0.941184309649023
Gujarat,Junagadh,CRITICAL,0.997026191477881
Odisha,Kandhamal,CRITICAL,0.9968128194316922
Himachal Pradesh,Kangra,CRITICAL,0.996890270861579
West Bengal,Bankura,CRITICAL,0.9966983097017844
Punjab,Tarn Taran,CRITICAL,0.9970165204156142
Karnataka,Bengaluru Urban,CRITICAL,0.9964740840380618
Odisha,Malkangiri,CRITICAL,0.9965377819306281
Gujarat,Surendranagar,CRITICAL,0.9968950106916301
Chhattisgarh,Bastar,CRITICAL,0.9970473440183358
Rajasthan,Jhunjhunu,CRITICAL,0.9969547594084393
Andhra Pradesh,Tirupati,CRITICAL,0.9966553219662031
Maharashtra,Thane,CRITICAL,0.9969735699706653
Tamil Nadu,Tirupathur,CRITICAL,0.9963672289446793
Andhra Pradesh,Kakinada,CRITICAL,0.9967124631819543
Chhattisgarh,Surguja,CRITICAL,0.9970115041431981
Madhya Pradesh,Barwani,CRITICAL,0.997020233982813
Tamil Nadu,Tenkasi,CRITICAL,0.9957172078636815
Karnataka,Mandya,CRITICAL,0.9970012001130814
Uttar Pradesh,Basti,CRITICAL,0.9965645119907327
Tamil Nadu,Kanchipuram,CRITICAL,0.9970219247710816
Tamil Nadu,Thanjavur,CRITICAL,0.9970600882472859
Punjab,Malerkotla,CRITICAL,0.9965109683275223
Haryana,Jind,CRITICAL,0.9967822750020305
Mizoram,Mamit,CRITICAL,0.9902481633684411
Uttar Pradesh,Mau,CRITICAL,0.9969493613262603
Haryana,Kaithal,CRITICAL,0.9966514091515016
Telangana,Kamareddy,CRITICAL,0.9962582061572579
Manipur,Kakching,CRITICAL,0.9629300553932975
Chhattisgarh,Manendragarh-Chirmiri-Bharatpur,CRITICAL,0.9571398487531115
Madhya Pradesh,Mauganj,CRITICAL,0.9445326237827832
Rajasthan,Barmer,CRITICAL,0.996676580534555
Punjab,Moga,CRITICAL,0.9968517048843782
Nagaland,Wokha,CRITICAL,0.9894552389697266
Rajasthan,Balotra,HIGH,0.549269790149261
Arunachal Pradesh,Kurung Kumey,HIGH,0.7270664923369273
Rajasthan,Didwana-Kuchaman,HIGH,0.5033098554741546
Rajasthan,Phalodi,CRITICAL,0.9254017728640692
Rajasthan,Salumbar,CRITICAL,0.923468348087341
Punjab,Muktsar,HIGH,0.633367419521503
Manipur,Kangpokpi,HIGH,0.6258156962915455
Haryana,Akhera,HIGH,0.5811203227343474
Chhattisgarh,Gaurela-Pendra-Marwahi,CRITICAL,0.7694222247617373
Punjab,Sahibzada Ajit Singh Nagar,CRITICAL,0.7940176417388937
Telangana,Medchal-Malkajgiri,CRITICAL,0.7864324824803898
